"","links","names"
"1",NA,""
"2",NA,NA
"3",NA,NA
"4",NA,""
"5",NA,""
"6",NA,""
"7",NA,""
"8",NA,""
"9","",""
"10",NA,""
"11",NA,""
"12",NA,NA
"13",NA,NA
"14","",""
"15",NA,""
"16",NA,""
"17",NA,""
"18",NA,""
"19","",""
"20","",""
"21",NA,NA
"22",NA,NA
"23",NA,NA
"24",NA,NA
"25","/watch?v=_TO-d5Q17mU","Catawba Brewing (09/28/19) | G vs Plum | SSBU Grand Final - Part 3"
"26","/watch?v=AF328KwTHS8","Catawba Brewing (09/28/19) | G vs Plum | SSBU Grand Final - Part 2"
"27","/watch?v=yDKLUIgef4Y","Catawba Brewing (09/28/19) | G vs Plum | SSBU Grand Final - Part 1"
"28","/watch?v=xfOsKshilsQ","SSBU: Data Science Tier List"
"29","/watch?v=fxbHrJ8DY8c","The Side Deck #42 - Fulk [L] (Greninja) VS PHNM | Adachi (Luigi) - SSBU Grand Finals"
"30","/watch?v=Iki_-nqVMwY","Liga Nexus SSBU #3 - TZ Mustang (Ike) Vs. TZ Jaby! (Yoshi) Grand Finals"
"31","/watch?v=zAVHldhAHLY","Recharged #37 - Mercury vs Deli - Grand Finals - SSBU"
"32","/watch?v=63eCbvKa6tw","The Great Gonzales VS IluZEnzo - Philly Esports SSBU (R3) GRAND FINALS!"
"33","/watch?v=cMwUdS-71wI","Shuton/zackray vs Marss/Light - Top 8 GRAND FINALS: Ultimate Doubles - TBH9"
"34","/watch?v=J1bCq2FTudE","Eagle Colosseum SSBU - Louir(Pokemon Trainer) vs Im2Reddy(Young Link, ZSS) Grand Finals"
"35","/watch?v=zuNn6W-gLaE","FNS (10/4/19) - Dray (Yoshi) vs GGKR (Roy) Grand Finals - SSBU"
"36","/watch?v=knragnD3WhM","TSL 192 SSBU Grand Finals - JumboJack (Diddy Kong) vs Thor (Fox / Cloud)"
"37","/watch?v=-wecAaEk9Rc","WAVEDASHERS 5 SSBU - SGW | Godira (Bowser) [W] vs. Leaum (PT) [L]  - GRAND FINALS"
"38","/watch?v=sGwwbsxYFm4","UFA 2019 SSBU - myR | Longo & FOX | MkLeo Vs. cyve & BC | Mr.R SSBU Teams Grand Finals"
"39","/watch?v=2Qxr6Yg0NGs","UFA 2019 SSBU - SnF | Nin' Vs. BK | BDE | SNIXX Smash Ultimate Tournament Grand Finals"
"40","/watch?v=ovW_zmRzEY0","miniGROWTH XIV SSBU: SMB (Luigi) VS Crowkuen (Chrom) Smash Ultimate Grand Finals"
"41","/watch?v=ZfSvr_LhStI","The Side Deck #42 - ZeoLightning [L] VS Adachi - SSBU |Squad Strike| Grand Finals"
"42","/watch?v=0MwOIwhAur8","SL Ultimate #43 - Smokk (Wolf, Ganon) vs Venom (Ken, Joker) - Grand Finals"
"43","/watch?v=vVzoLfea3jU","BASH_7 SSBU - Felker (Young Link) Vs Nep (Robin) - Grand Final"
"44","/watch?v=Q57VbCfAj_k","SSBU Tournament - Seagull Joe (Palutena, Pika) Vs Dexter [L] (Wolf) The Grind 94 SSBU Grand Finals"
"45","/watch?v=x_1wSgTajkg","Smash Ultimate Tournament - ZD [L] (Fox) Vs. Mata-Door [L] (Wario) S@X 322 SSBU Grand Finals"
"46","/watch?v=Br9kmN3Z904","MS 9/26/19 - coolmath4kids vs Sneh - Grand Finals - SSBU"
"47","/watch?v=NNYv8O0l_j4","USW 43 - TLOC | Awestin (Ness) vs TG | MVD (Snake) Grand Finals - SSBU"
"48","/watch?v=GopIx4rGQJA","Finde Xoven SSBU - Bravo Vs. Cofis [Grand Finals]"
"49","/watch?v=RimNtrgj_4U","MSM 209 - POW | Mastamario (Mario) Vs TG | K9sbruce (Wolf) Grand Finals - Smash Ultimate"
"50","/watch?v=etUlskJDqNI","LTP2 - Plasma [L] (Yoshi, Bowser Jr) VS RFang (Luigi) - SSBU Grand Finals"
"51","/watch?v=FSx1FDVX474","SSBU @ BattleGroundz - Grand Finals: Nano (Inkling/Joker) vs [WangGang] LordSpin (Snake/Meta Knight)"
"52","/watch?v=948mdi2yNIw","Darkshad(Shulk) vs PBLK Wood(G&W)  Arcade Legacy #34  SSBU  Grand Finals"
"53","/watch?v=A6ZcFZ3J82g","WNF 3.8 Eon (Luigi) vs Cyro (Mario) - Grand Finals - Smash Ultimate"
"54","/watch?v=gAbO98o9E-0","USW 42 - TLOC | Awestin (Ness) vs TLOC | Denti (PT) Grand Finals - SSBU"
"55","/watch?v=ZxgpYQbEcRY","USW 42   Xillion + Awestin vs KingK + Denti   Grand Finals SSBU"
"56","/watch?v=RIu30pkD7Dc","MCS43 SSBU - ChillyChilli (Random) Vs. Kip! (Random) Grand Finals Smash Ultimate"
"57","/watch?v=ublTB6ahzEE","Recharged #36 - Enzo vs Beast - Grand Finals - SSBU"
"58","/watch?v=gPgG76TgmgQ","Umebura SP5 SSBU - SST | Shuton (Olimar) Vs. GW | Zackray (Wolf) Smash Ultimate Grand Finals"
"59","/watch?v=V-J3IMdbT50","EVAC 28/6/19 - SSBU - Q (Yoshi) vs DF | StabbyJ (Snake) - Grand Finals"
"60","/watch?v=2z8HErUuHSM","SOS 153 SSBU Grand Finals - Stroder (Greninja) vs Asotil (Richter)"
"61","/watch?v=MsDZFxS1N8Q","SL Ultimate #42 - Smokk (Ganon) vs FSharp (Ken) - Grand Finals"
"62","/watch?v=3OmKTEw26Vk","MasterHand 49 SSBU -Grand Finals- <U+306B><U+304F><U+304D><U+3085><U+3046>(Ice Climbers,Sheik) vs. Lucia(HERO,Metaknight)"
"63","/watch?v=46GGBGztsJ0","Smash Ultimate Tournament - John Numbers (Wii Fit) Vs. Dill (ROB) SSBU Xeno 180 Grand Finals"
"64","/watch?v=tQ2hHBYjy9c","HAT 83 - Nito (Ken) Vs. Charliedaking (Wolf) Grand Finals - Smash Ultimate"
"65","/watch?v=Jta_ym64Ea4","MSM 208 - APE | Goblin (Roy) Vs Puppeh (Pokemon Trainer) Grand Finals - Smash Ultimate"
"66","/watch?v=gnjK59RPjZ0","Salad (Palutena) vs PeZ (Fox) - Paragon 16 - Grand Finals - SSBU"
"67","/watch?v=mSubOMcVVOA","Nairo vs MkLeo - GRAND FINALS: Ultimate Singles - Mainstage | ZSS, Palutena vs Joker"
"68","/watch?v=U8F345AILgY","Recharged #35 - Juice vs Enzo - Grand Finals - SSBU"
"69","/watch?v=Dgv53Rouzo8","Smash Ultimate Tournament - Dexter [L] (Wolf) Vs. ZD (Fox) The Grind 93 SSBU Grand Finals"
"70","/watch?v=apYIKpaqZp4","EVO 2019 SSBU Grand Finals Match 5 (True Footage!)"
"71","/watch?v=AM26x1aKvbY","TSL 190 SSBU Grand Finals - Horse (Ness) VS Skylar (Game and Watch)"
"72","/watch?v=5hE2OWZp8UE","MkLeo/Glutonny vs Nairo/Samsora - GRAND FINALS: Ultimate Doubles Top 16 - Mainstage"
"73","/watch?v=eFq1RNfbbkg","SSBU Torneo Maflow SEP1 - Grand Finals: Yuka-RD (DK) Vs. Dark-Angel7k (Zelda)"
"74","/watch?v=EBgHGuvq4jU","Smash Ultimate Tournament - Mr E (Lucina) Vs. Venia [L] (Greninja) SSBU Xeno 179 Grand Finals"
"75","/watch?v=M3p1jn9r_MA","LSD9 - IceMein VS K Dog - SSBU Squad Strike Grand Finals"
"76","/watch?v=hYQU8Ta6PK4","LSD9 - DCorn (Yoshi) VS VGBC | Logic (Olimar/Mewtwo) SSBU Grand Finals"
"77","/watch?v=JvlckdqVaUg","USW 40 - K2S | Eclipse (Greninja) vs eLH | Kosoku (Mario) Grand Finals - SSBU"
"78","/watch?v=zWAFygdrpeM","USW 40 - Awestin + HyLeN vs KingK + Denti - Grand Finals SSBU"
"79","/watch?v=FoHOa9q9UCY","Smash Ultimate Tournament - ZD (Fox) Vs. Seagull Joe [L] (Pikachu) S@X 320 SSBU Grand Finals"
"80","/watch?v=FnvxDLmsF8c","LSD9 - Asian_Glow/Lex_Steel - VS Dcorn/Logic - SSBU Doubles Grand Finals"
"81","/watch?v=2bfvoIcQKZ8","Spectrum #110 - Jakal (Wolf) Vs. Demise | Mr E (Lucina) - Grand Finals - SSBU"
"82","/watch?v=q1m2nmX9-a8","Spectrum #110 - Zomba / Arhungry Vs. Rivers / Jakal - Grand Finals - SSBU"
"83","/watch?v=YvZ7l3eciVU","DDD 33 SSBU Amateur Bracket Grand Finals End of Set 2 Ballfoop (Wolf/Little Mac) vs. Taffy (Inkling)"
"84","/watch?v=iYYXWpU1tEU","DDD 33 SSBU Grand Finals Stroder (Sheik/Inkling/Mario/Luigi) vs. Skylar (Incineroar/Mario/Luigi)"
"85","/watch?v=atyFX8LXsr4","SR7 SSBU - merf (Chrom) Vs. ChillyChilli (Mario) Grand Finals Smash Ultimate"
"86","/watch?v=2FAfSi1BQ8E","Engine League #6/ Blink (Lucina) vs MetaFire (Palutena)/ SSBU Singles Grand FInal Junior"
"87","/watch?v=o8dVr-CFOnw","SSBU @ BattleGroundz - Grand Finals: Olympia (Inkling) vs Strixia[L] (R.O.B.)"
"88","/watch?v=x_KQK-gyFzo","Glitch 7 SSBU - PG ESAM (Pikachu) VS Rogue Light (Fox) Smash Ultimate Grand Finals"
"89","/watch?v=rwWmrleDlcc","Recharged #34 - Bonk! vs Jrx - Grand Finals - SSBU"
"90","/watch?v=BD5eP6lk32A","Glitch 7 SSBU - PG | ESAM Vs. TSM | Tweek - Smash Ultimate Squad Strike Grand Finals"
"91","/watch?v=mBKAhWd31DU","Glitch 7 SSBU - Dark Wizzy & Light Vs. Tweek & Nairo - Smash Ultimate Tournament Grand Finals"
"92","/watch?v=R4QFN6JQeT8","Smash Ultimate - Lui$ (Mario, Dr. Mario) Vs. ESAM (Palu, Pikachu) The Grind 92 SSBU Grand Finals"
"93","/watch?v=dFSOYUBg0l0","Microspacing #30 SSBU - TH3KING(ROB/Banjo) vs Coda(Palutena) Grand Finals"
"94","/watch?v=mx7AWOI6H2w","DHMT19 SSBU | ESAM (Pikachu) Vs. Marss (ZSS) - Grand Finals"
"95","/watch?v=yCgppJF31Jg","Smash Ultimate Tournament - Dill (ROB) Vs. Venia (Greninja) SSBU Xeno 178 Grand Finals"
"96","/watch?v=brEA0tvxT1M","Smash Ultimate Tournament - Dazai (Roy) Vs. ZD [L] (Fox) S@X 319 SSBU Grand Finals"
"97","/watch?v=NdHqtKc8n_c","Pour Taproom (09/07/19) | D0lphan72 vs Shenanigans | SSBU Grand Final"
"98","/watch?v=sPZOQnncge0","Spectrum #109 - MaverickHunter (Megaman/Ike) Vs. Iluz | Juice (Falco) - Grand Finals - SSBU"
"99","/watch?v=uk5im3Oanmg","Spectrum #109 - S... / Emerald Vs. Juice / Beast - Grand Finals - SSBU"
"100","/watch?v=jGT_A0vQjVA","DHMT19 SSBU | ESAM & Marss Vs. Smokk & Venom - Grand Finals"
"101","/watch?v=k4YjQoLBm7w","SSBU @ Battlegroundz - Grand Finals: Olympia[L] (Inkling/Jigglypuff) vs Jynx (Snake/Wii Fit Trainer)"
"102","/watch?v=W_AC_ZUKNQc","USW 39 - HMO | KingK (ROB) vs K2S | Eclipse (Greninja) Grand Finals - SSBU"
"103","/watch?v=WeFmg8LuoYI","SLUSH 11 - Creatious (ROB) vs ZBG|Aidan (Donkey Kong) Grand Finals SSBU"
"104","/watch?v=7Lexct7mFgg","The Side Deck #39 - Adachi (Luigi) VS El Chapo (Palutena) - SSBU Grand Finals"
"105","/watch?v=6dnAj6Q5TK0","Throwdown LX #66 - Iberyes (Pokémon Trainer) vs Zerin (Ness) - SSBU Grand Finals"
"106","/watch?v=l96SubaUXjw","MG&C ""Immortals"" 14 SSBU Singles - Grand Finals: Windows98 [W] (WFT) Vs. Exo [L] (Sonic, Cloud)"
"107","/watch?v=rpmApEanOSI","Smash Ultimate Tournament - Mr E (Lucina) Vs. Venia (Greninja) SSBU Xeno 177 Grand Finals"
"108","/watch?v=H_xwLMUfda4","Smash Ultimate Tournament - Venia (Greninja) Vs. Dabuz (Olimar) SSBU Xeno 176 Grand Finals"
"109","/watch?v=RW9heuZdFUo","Komota(Kirby) vs Darkshad(Joker, Shulk)  Big AL #8 SSBU  Grand Finals"
"110","/watch?v=ApkFPZvIpf4","GRAND FINALS - SSBU - Zen's Hotdog Stand #117 - SKITTLES!! (Young Link) vs TonyZtank (Sonic)"
"111","/watch?v=AfoT74n_Bn0","Uesma 25 SSBU - Zackray (Banjo) Vs. Kuro (ZSS) Smash Ultimate Tournament Grand Finals"
"112","/watch?v=Afy6V14jXaA","PURE Smash 9  SSBU Grand Finals - Senor (Pichu) vs Mexicutioner (Joker / Daisy)"
"113","/watch?v=MrnKcNzyK9w","DDC|Firehao (Diddy K.) vs DDC|Kenneth (Fox) (Grand Finals SSBU NGU2019)"
"114","/watch?v=QjCLjYz6kxw","SSBU @ Battlegroundz - Grand Finals: ClubberDan vs Nano"
"115","/watch?v=Kn0kLY7YIIc","La Choza #14 SSBU - Jacko (Little Mac) Vs. Blurry (Joker) Grand Finals"
"116","/watch?v=OtX-EdVo19w","La Choza #15 SSBU - Blurry (Joker) Vs. NF|Miguel (Peach) Grand Finals"
"117","/watch?v=5osHD-YIduk","Smash Ultimate Tournament - Dazai [L] (Roy) Vs. Dexter (Wolf) The Grind 90 SSBU Grand Finals"
"118","/watch?v=JOBule8Jnn4","La Choza #13 SSBU - Whisky (Robin) Vs. Rinku (Robin) Grand Finals"
"119","/watch?v=PF-6nQtH2AU","MSM 205 - R2G | Kameme (Mega man) Vs Solary | Glutonny (Wario) Grand Finals - Smash Ultimate"
"120","/watch?v=sljQx8BQTlQ","Spectrum #108 - Iluz | BONK! (Metaknight) Vs. NGG | SH | Chrismus (Inkling) - Grand Finals - SSBU"
"121","/watch?v=II3M5flO2Rg","Spectrum #108 - Jut / Atomsk Vs. Alfie / Tokyo - Grand Finals - SSBU"
"122","/watch?v=vfUwEaG0Nds","DDD31 SSBU Grand Finals - Elektroe (Young Link) vs Shiny (Jigglypuff / Wolf)"
"123","/watch?v=kw-QdobqacQ","UPRISING 2019 | Grand Finals - MkLeo(Chrom) vs GEKI | Gackt(Ness)"
"124","/watch?v=rglAqS8l3Wc","Standoff 2019 - NVR | Elegant (Luigi) Vs. APE | Goblin (Roy) Smash Ultimate Tournament Grand Finals"
"125","/watch?v=xC2C20_pFLo","Recharged #32 - Juice vs Bonk! - Grand Finals - SSBU"
"126","/watch?v=YR3ttvHEr4w","Recharged #31 - Jrx vs Deli - Grand Finals - SSBU"
"127","/watch?v=6cbFZtKWpfI","Microspacing #29 SSBU - Coda(Palutena) vs TH3KING(ROB) Grand Finals"
"128","/watch?v=CPIk5D7PlxE","SLUSH 10 - Tanman (Ness, Random) vs Creatious (Wolf, Random) Grand Finals SSBU"
"129","/watch?v=zn_1_bPXV50","TSL 187 SSBU Grand Finals - MikeAG (Wolf) VS BassMage (Fox)"
"130","/watch?v=OR73OLq836c","FNS (8/30/19) - Phenom (Fox) vs Tron (Pikachu) Grand Finals - SSBU"
"131","/watch?v=_aPTA22UAK4","Monster Slayer 1v1 Me SSBU - MisterMango (L) vs Kamikaze (Grand Final)"
"132","/watch?v=FiaGG0zhCWU","SL Ultimate #38 - Z (Palutena) vs Jayy (Meta Knight) - Grand Finals"
"133","/watch?v=eponP0-nGDQ","GRAND FINALS - SSBU - Zen's Hotdog Stand #116 - SKITTLES!! (Young Link) vs Skilly (Hero)"
"134","/watch?v=wZXY2MUOX0A","Sink or Swim 149 SSBU Grand Finals - Thor (Cloud) vs JumboJack (Diddy Kong)"
"135","/watch?v=uZ9NMjDL5CY","SSBU @ Battlegroundz - Grand Finals: SexyBeast420 vs ClubberDan(L)"
"136","/watch?v=h-bbhP9R8pc","Revival of SA 6 - SSBU - Nikes (Yoshi) vs OE Rust (Inkling) - Grand Finals"
"137","/watch?v=oH02MOMGpAM","Spectrum #107 - Ho3k | Frozen (Peach) Vs. Iluz | Juice (Falco) - Grand Finals - SSBU"
"138","/watch?v=-t4xyW6X0Hg","Spectrum #107 - Beast / Juice Vs. Darkmatter / Chrismus - Grand Finals - SSBU"
"139","/watch?v=PsDz10DdJEo","PBLK Wood(Hero,G&W) vs Sakuto(Robin)  Arcade Legacy #31 SSBU  Grand Finals"
"140","/watch?v=1bGVWlVJS34","Monster Slayer 1v1 Me SSBU - Tortas FC vs Jonestly (Grand Finals)"
"141","/watch?v=L5jtFgQjU0U","Uesma 24 SSBU - SST | Yamanyon (ZSS) Vs. Kirihara (Rosalina) Smash Ultimate Tournament Grand Finals"
"142","/watch?v=XQQGEDdYgc4","Smash Ultimate Tournament - ZD [L] (Roy) Vs. Dexter (Wolf) S@X 317 SSBU Grand Finals"
"143","/watch?v=ne84qKXqPps","Fates (Ganon) vs Mr Newport (Little Mac) Grand Finals | SSBU Tournament @ GGC Mini-Glitch"
"144","/watch?v=re-8TrB4Qgo","DDD30 SSBU Grand Finals - Asotil (Richter) vs Skylar (Mr Game & Watch)"
"145","/watch?v=SM2eeEHh61Y","Engine League #4/MorrocoYo (Robin) vs VeXx(Inkling)/ SSBU Singles Grand FInals"
"146","/watch?v=ejGWvbOgsHI","MkLeo vs Samsora - GRAND FINALS: Ultimate Singles Top 12 - Shine 2019 | Joker vs Peach"
"147","/watch?v=FvtJVvKHSj8","Smash Lab 186 SSBU Amateur Bracket Grand Finals BStuck (R.O.B.) vs. Gianni (Pokemon Trainer)"
"148","/watch?v=lH3S2whR-SA","Smash Lab 186 SSBU Grand Finals Skylar (G&W) vs. SilentRain (Mario)"
"149","/watch?v=0PRqpwsx2NI","Dark Wizzy/MkLeo vs Marss/Light - GRAND FINALS: Ultimate Doubles | Shine 2019"
"150","/watch?v=MMwzfvi5OxI","SL Ultimate #37 - Loro (Diddy Kong) vs Chomo (Roy, Inkling) - Grand Finals"
"151","/watch?v=Pel_BchPhMg","LunarWeek14 - NPT | Ninja [L] (Mario) VS LSD | C3P0 (Snake) SSBU Grand Finals"
"152","/watch?v=Hp7F4EBqHms","USW 37 - TG | MVD (Snake) vs Grayson (ROB) Grand Finals - SSBU"
"153","/watch?v=bDl1dkKAsEs","Throwdown LX #65 - Puto_Guilhas (Peach) vs Zerin (Ness) - SSBU Grand Finals"
"154","/watch?v=RkHuOi7vHWA","Spectrum #106 - SpS | Leon (Bowser) Vs. Illuz | Juice (Falco) - Grand Finals - SSBU"
"155","/watch?v=fZr1wjFP6TQ","GRAND FINALS - SSBU - Zen's Hotdog Stand #108 - Skilly (Villager) vs Skittles!! (Young Link)"
"156","/watch?v=hn7dpIOt948","[SSBU] Grand Finals / RY (Snake) vs JFC21 (Peach)"
"157","/watch?v=ccq3x5fptXY","Catawba Brewing (08/17/19) | Shenanigans vs Mr. MooMoo | SSBU Grand Final"
"158","/watch?v=YvGPd4MjIiQ","SFGC: Summer Salt 2019 | SSBU | Grand Finals: Dagoe (Pokemon Trainer) vs . (Lucina/Mario)"
"159","/watch?v=0RzLVDWXPBQ","SSBU @ Battlegroundz - Grand Finals: [L]Starri (Zelda/Falco/Piranha Plant) vs Jynx (Bayo/Wii Fit)"
"160","/watch?v=rQRlsQxqxik","Launch 4 Squad Strike - yeti [L] Vs. Seagull Joe SSBU Grand Finals"
"161","/watch?v=IqCxepetAJM","Launch 4 - yeti (Mega Man) Vs. Seagull Joe (Wolf) SSBU Grand Finals"
"162","/watch?v=vJnVC-mIi2E","Tap Jump 18 SSBU Grand Finals - Stroder (Diddy Kong) vs djsmell (Inkling)"
"163","/watch?v=YBYt-bkNdtA","Game On Expo 2019 SSBU Sunday Grand Finals - Skylar (Incineroar) vs Gemini (Ridley/Bowser)"
"164","/watch?v=Muo5CBvQMrQ","Game On Expo 2019 Friday SSBU Grand Finals - Skarm (Ken) vs Havri (Palutena)"
"165","/watch?v=FDjpKM4H3EE","Ascension VIII SSBU Doubles Grand Finals - Stroder & Pandarian (Blue) vs Cyro & Silver (Red)"
"166","/watch?v=srQ12anQ9Ic","Smash Ultimate Tournament - ZD (Trainer) Vs. JLim [L] (Joker, Snake) The Grind 88 SSBU Grand Finals"
"167","/watch?v=qOwdimTWMy8","Smash Ultimate Tournament - Gen (Palutena) Vs. Mr E (Lucina) SSBU Xeno 174 Grand Finals"
"168","/watch?v=zC0_BB9oRj0","Ascension VIII SSBU Grand Finals - Stroder (Greninja) vs Izark|Cyro (Roy/Meta Knight)"
"169","/watch?v=UGV-6_kdyzY","Harpuia(Link, Joker) vs Hive(Peach)  Arcade Legacy #30 SSBU  Grand Finals"
"170","/watch?v=ge7LSHpR-so","Umebura SP4 SSBU - Brood (PP) Vs. SNB | Abadango (Wario) Smash Ultimate Tournament Grand Finals"
"171","/watch?v=lHLxsLAkKek","FNS (8/16/19) - Phenom (Fox) vs GGKR (Roy) Grand Finals - SSBU"
"172","/watch?v=SPyjBgqJT5E","SSBU Grand Finals - INKOGNITO VS Kyeean - VSCommunity Weekly 14/08/19"
"173","/watch?v=M1KNBMDwr6Y","SR6 SSBU - MopN (Roy) Vs. C2 (Palutena/Pikachu) Grand Finals Smash Ultimate"
"174","/watch?v=6TeruBE2hVo","USW 36 - HMO | N (Ken) vs HMO | KingK (ROB) Grand Finals - SSBU"
"175","/watch?v=07E4ngSlDAU","SL Melee #333 - Kage (Ganon) vs Legend (Jigglypuff) - Grand Finals"
"176","/watch?v=QuJK90gJ8hQ","Spectrum #105 - Darkmatter / Chaos Vs. Lemontea / Steezy - Grand Finals - SSBU"
"177","/watch?v=CLWNDfnMhC4","SSBU #35 - WaDi vs. Riddles - Grand Finals - Smash Ultimate - 8/08/19"
"178","/watch?v=1aYvff0Ol0A","Fritos(Mario) vs Hive(Inkling), Peach  Arcade Legacy #29 SSBU  Grand Finals"
"179","/watch?v=UeIFB1QlOuY","FZFN #5 SSBU | Loki (Rob) VS Omen (Bowser) | Grand Finals"
"180","/watch?v=l1MveQMqiFo","LSD8 - LSD | C3P0 (Snake) VS NPT | Ninja (Mario) SSBU Grand Finals"
"181","/watch?v=AI63RHUb1uc","SSC 2019 Smash Ultimate Grand Finals - eUnited | Samsora (Peach) VS FOX MVG | MkLeo (Joker)"
"182","/watch?v=SSrvssXs4fs","SSBU @ Battlegroundz - Grand Finals: Diamond D (Fox/Isabelle/Joker) vs Jynx (Palutena/Wario/Pacman)"
"183","/watch?v=i8rlQx3jvFU","SSC 2019 SSBM - TSM Leffen (Fox) VS Liquid Hungrybox (Jigglypuff) Smash Melee Grand Finals"
"184","/watch?v=17-l9N3fFhU","SSC 2019 SSBU -  Marss & Light VS  MkLeo & Javi - Ultimate Grand Finals"
"185","/watch?v=3X7dok2LiRI","USW 35 - FRKS | Cheeks (Cloud) vs Lima (Bayonetta) Grand Finals - SSBU"
"186","/watch?v=VFVZuNfV2xI","MasterHand 48 SSBU -Grand Finals- Lucia(Metaknight) vs. Compact(Palutena)"
"187","/watch?v=9edu2ZNJyfg","SSC2019 SSBU - FOX MVG Mew2King (Bowser) VS  Puppeh (Charizard) The Rumble Finals"
"188","/watch?v=YMeFHhvAJJc","SSBU Singles (Grand Finals) - Paul vs. Ruben | Smash or Pass 5"
"189","/watch?v=f-gJ75uGzWI","Smash Ultimate Tournament - MKLeo (Hero, Joker) Vs. Maister (Game & Watch) S@X 314 SSBU Grand Finals"
"190","/watch?v=c6QQ1ESxiEA","SAS 91 - Peace!2 (Wario) vs Kyuwolf (Hero, Inkling) Grand Finals - SSBU"
"191","/watch?v=PSF0OtsdyJY","Darkshad(Shulk) vs Doorstop(ZSS)  Arcade Legacy #28 SSBU  Grand Finals"
"192","/watch?v=YRw2iul8rYE","Battle Subway 2 - Juice vs ZD - Grand Finals - SSBU"
"193","/watch?v=eAU7RjTskMA","DDD 27 SSBU Grand Finals - JumboJack (Diddy Kong/ Captain Falcon/ Mr Game & Watch) vs Stroder (Hero)"
"194","/watch?v=DwXADvlgVHI","Wi-Fight Night 10 SSBU Grand Finals -  [L] KennDriick (DK) Vs. DunDeal (Bowser)"
"195","/watch?v=m6CrWBOxecY","EVO 2019 Smash Ultimate Grand Finals - TSM | Tweek (Pokemon Trainer) Vs. FOX | MkLeo (Joker)"
"196","/watch?v=llpHoGFg-IQ","EVO 2019 SSBU - SLY | Glutonny (Wario) Vs FOX | MkLeo (Joker) Smash Ultimate Tournament Losers Final"
"197","/watch?v=kXmZ0her5i8","Fairbanks Showdown #1 S3: Deku (Link) vs Atheo (K Rool, Palu) - SSBU Grand Finals..? (Watch ending)"
"198","/watch?v=Hgw1TeVSpcc","Smash Ultimate Tournament - Dexter (Wolf) Vs. Parappa (Brawler, Hero) The Grind 87 SSBU Grand Finals"
"199","/watch?v=Rxqsl4C83S4","TSL 183 SSBU Grand Finals - B-Rice (Isabelle) vs Underdogg (Snake)"
"200","/watch?v=VPhL_SE5mKM","USW 33 - WBG | MVD (Snake) vs PG | ESAM (Pikachu) Grand Finals - SSBU"
"201","/watch?v=Tn3uBHBA9oo","USW 32 - HMO | Xillion (Robin) vs Lima (Bayonetta) Grand Finals - SSBU"
"202","/watch?v=YWVGQKKVjos","USW 31 - Lima (Peach) vs PG | ESAM (Pikachu) Grand Finals - SSBU"
"203","/watch?v=uDX7XBNVrYU","Smash Ultimate Tournament - Juice (Falco) Vs. Utopian Ray (Hero) SSBU Xeno 172 Grand Finals"
"204","/watch?v=GhlqNh2Tiho","SLUSH 6 - Fat_Aime (Joker, Ike) vs. Tanman[L] (Ness) Grand Finals SSBU"
"205","/watch?v=jAiss2Z_pKk","Sink or Swim 145 SSBU Grand Finals - Felix (Fox) vs Ronald (Roy/Ken)"
"206","/watch?v=Ol--hB__XCQ","Smash Ultimate Tournament - Dazai (Roy) Vs. Dexter [L] (Wolf, Roy) S@X 313 SSBU Grand Finals"
"207","/watch?v=GYFkCdBJd8k","Smash Ultimate 4.0 Tournament Grand Finals - Moosh (Hero) vs Deli (Hero) - S@LT 199"
"208","/watch?v=6E0aA16Db2s","SSBU #33 - Tengu vs. Rags - Grand Finals - Smash Ultimate - 7/25/19"
"209","/watch?v=klxGP_adbPE","DDD 26 SSBU Grand Finals - Dio (ROB) vs Skylar (Mr Game & Watch)"
"210","/watch?v=dnz21i3hmhs","SSBU @ Battlegroundz - Grand Final: S2H (Bowser/Snake/PT) vs Arrow[L] (Marth)"
"211","/watch?v=UWrQAv4lVBA","TJ 15 SSBU Grand Finals - Junior Z (Mario / Roy) vs Abaasy (Palutena / Shulk)"
"212","/watch?v=AD4gaRunKpA","SF8 SSBU - FOX | MkLeo (Joker) Vs. PG | Marss (ZSS) Smash Ultimate Tournament Grand Finals"
"213","/watch?v=AAbZAZhfuIc","SLUSH 5 - Tanman[L] (Lucas, Ness) vs Fat_Aime (Joker) Grand Finals SSBU"
"214","/watch?v=-SrkLtRu-Ps","SLUSH 2 - Tanman[L] (Lucas) vs EJ (Bowser) Grand Finals SSBU"
"215","/watch?v=UsUC7SSxS-8","Mega Drive 14 SSBU - Gainz Control (Pikachu) vs Dowser (Ridley, Ludwig) - Grand Finals"
"216","/watch?v=_T2qTzfBGg4","SF8 SSBU - Glutonny & Mr. R Vs. MkLeo & Javi - Smash Ultimate Tournament Grand Finals"
"217","/watch?v=pZonN4_pYkw","Rushdown 29 - TLOC | Awestin (Ness) vs Lima (Bayonetta) Grand Finals - SSBU"
"218","/watch?v=1kb81rLIVxU","Smash Ultimate Tournament - Gen (Ken) Vs. NickC (Captain Falcon) SSBU Xeno 171 Grand Finals"
"219","/watch?v=D1TrxkQToD8","EMG | BlackTwins vs. NCG SC | Jw - Grand Finals, Toryuken 2019 SSBU"
"220","/watch?v=ZqpKcVYxd4s","SSBU Doubles Grand Finals - UTHROW STICKY VS LANA PRACEMIE - VSCommunity Weekly 24/07/19"
"221","/watch?v=tpe2WxWl3f0","Ascension VII SSBU Top 64 Grand Finals - Stroder (Greninja) vs AR|Prodigy (Mario)"
"222","/watch?v=VJInqqHZRu0","Spectrum #102 - Africa | Jakal (Wolf) Vs. BCe | Juice (Falco) - Grand Finals - SSBU"
"223","/watch?v=ki3Yssb4CBw","SSBU #32 - Puppeh vs. WaDi - Grand Finals - Smash Ultimate - 7/18/19"
"224","/watch?v=ipScZODL1LQ","Smash Ultimate Tournament - ZD [L] (Fox) Vs. Puppeh  (PT, ROB) - The Grind 85 SSBU Grand Finals"
"225","/watch?v=tT_446ZMY6s","LTC7  - Liquid | Dabuz (Olimar) vs TSM | Tweek (PT) Grand Finals - SSBU"
"226","/watch?v=7ekZyjI5EJQ","LTC 7 - Light + Marss vs Lui$ + Bestness - Grand Finals SSBU"
"227","/watch?v=OlM7uogb52Q","Smash Ultimate Tournament - Venia (Greninja) Vs. Gen (Palutena) SSBU Xeno 169 Grand Finals"
"228","/watch?v=HQ5psb_TQ6A","SL Ultimate #32 - SuperGirlKels (Sonic) vs Jayy (Pokemon Trainer) - Grand Finals"
"229","/watch?v=exp3utAdd7Y","WNF 2.11 Elegant (Luigi) vs Sparg0 (Cloud) - Grand Finals - Smash Ultimate"
"230","/watch?v=BBKsZGLO7_E","HAT 74 - Zenyou (Mario) Vs. Demise | Nicko (Shulk) Grand Finals - Smash Ultimate"
"231","/watch?v=c5ogc8thODA","Smash Ultimate Tournament - Minix (ROB) Vs. JLim [L] (Snake) - The Grind 84 SSBU Grand Finals"
"232","/watch?v=sc8Zfz7GfrQ","SSBU - Nicholades vs D'Nasty Kyeean VersusCommunity Grand Finals"
"233","/watch?v=uPC6Cr1rXPU","Doorstop(PKMN Trainer) vs Darkshad(Ken)  Arcade Legacy #26 SSBU  Grand Finals"
"234","/watch?v=JN5WvubYNxg","MSM 198 - CLG | VoiD (Pikachu) Vs FS | Eon (Fox) Grand Finals - Smash Ultimate"
"235","/watch?v=cKEReCWpnFg","BreakThrough 2019 - Kiraflax (ROB) Vs GOHAN (Joker, Ganon, Snake) Grand Finals - Smash Ultimate"
"236","/watch?v=xsjQH1tpixI","TJ 13 SSBU Grand Finals - Zero (ROB / Joker) vs SilentRain (Dr. Mario)"
"237","/watch?v=01C1hN6ktEE","SR5 SSBU - DaNeel (Bowser Jr.) Vs. Z Baby (Palutena) Grand Finals Smash Ultimate"
"238","/watch?v=K5OsyEJ9XOI","STL Ultimate - Z (Cloud, Palutena) vs Venom (Ken) - Grand Finals"
"239","/watch?v=7kyJEIsANto","SSBU - Mark Need An Internship vs EL Stupido VersusCommunity Grand Finals"
"240","/watch?v=2SYwts-nJZU","SSBU #31 - Rags vs. JeBB - Grand Finals - Smash Ultimate - 7/11/19"
"241","/watch?v=fL62fGaXKVM","SOS 142 SSBU Grand finals - Junior Z (Roy) vs TUXI Stroder (Fox / Wolf / Luigi / Falco / Mario)"
"242","/watch?v=pqKyLvjgM1M","USW 30 - TLOC | Awestin (Ness) vs Deluxemenu (Bowser) Grand Finals - SSBU"
"243","/watch?v=doOrSgYkPk4","AKON 2019 - SU | Hakii (ZSS) vs TLOC | Awestin (Ness) Grand Finals - SSBU"
"244","/watch?v=OPaFWzOBQuU","Albion 4 | Glutonny (Wario) vs Dabuz (Olimar, Rosalina & Luma) | Grand Finals"
"245","/watch?v=m1aoxVsbEOs","Rushdown 28   TLOC  Awestin Ness vs TLOC  Denti PT, Palutena Grand Finals   SSBU"
"246","/watch?v=Q_AkflL19C8","Doorstop(ZSS) vs Darkshad(Ken,Shulk)  Big AL #6  SSBU  Grand Finals"
"247","/watch?v=4tvkyL3BeHk","Pinnacle 2019 SSBU - CACAW | Big D (Ice Climbers) Vs DEM | Pandarian (PT) Smash Ultimate Grand Final"
"248","/watch?v=N3CYw2g14uY","CROSSOVER - Andrew T (Ness, Zss) Vs. Nhan (Lucina, Pichu) - Grand Finals - SSBU"
"249","/watch?v=zuvnGUvWkXA","TSL 179 SSBU Grand Finals Skylar (G&W) vs. BassMage (Puff/ICs)"
"250","/watch?v=44cNZL0p1kY","SL Ultimate #30 - Smokk (Inkling, Ganon) vs Kaltho (Jigglypuff, Zelda) - Grand Finals"
"251","/watch?v=tF-VIkF6zQ8","SOS 141 SSBU Grand Finals JumboJack (Falco) vs. Skylar (Incineroar)"
"252","/watch?v=bZmwMbCWk2k","Smash Ultimate Tournament - Jul (Robin) Vs. Nelvin (Diddy Kong) SSBU Xeno 168 Grand Finals"
"253","/watch?v=JFQ7QfHnxuA","SSBU - THINN vs EINSTRO VersusCommunity Grand Finals"
"254","/watch?v=GCTnZ97VuFs","VS 2019 SSBU - KOR TANARK (FOX) VS USA JJROCKET (DIDDY KONG) | Smash Ultimate Grand Final"
"255","/watch?v=es86uG_XRq0","Smash Ultimate Tournament - Dexter [L] (Wolf) Vs. Dazai (Roy) - The Grind 82 SSBU Grand Finals"
"256","/watch?v=lMrYPJBnXQ0","ELECTRIFY SSBU Wi-Fi Tournament - Grand Finals - +Makken (Roy, Inkling) VS nightblitz42 (Lucario)"
"257","/watch?v=Ssr3jY_Hf08","CEO 2019 SSBU GRAND FINALS - ECHOFOX MKLEO vs PG MARSS"
"258","/watch?v=bmTVCtsKSeI","CEO 2019 SSBU - FOX | MkLeo (Joker) Vs. PG | Marss (ZSS, Falcon) Smash Ultimate Grand Finals"
"259","/watch?v=47_viQuoCJA","Mega Drive 10 SSBU - GoofyGoober (Greninja) vs Password (Yoshi) - Grand Finals"
"260","/watch?v=MyTg9PqCMac","Smash Ultimate Tournament Grand Finals - Jakal (Wolf) vs Juice (Falco) - CNB 194"
"261","/watch?v=XKW4aXeU8ik","SSBU #29 - Logic vs. Tengu - Grand Finals - Smash Ultimate - 6/27/19"
"262","/watch?v=Gl3U7wHsM38","TSL 178 SSBU Grand Finals Skylar (Incineroar) vs. JumboJack (Diddy/Falco)"
"263","/watch?v=FBS0xoHden8","SL Ultimate #29 - FSharp (Ken) vs Smokk (Ganon) - Grand Finals"
"264","/watch?v=dYxpA7IyC00","SOS 140 SSBU Grand Finals TUX|Stroder (Greninja/Falco/Pokemon) vs. JumboJack (Diddy)"
"265","/watch?v=SgjCcHSC1ME","Rushdown 27 - HMO | N (Ryu, Greninja) vs TLOC | Awestin (Ness) Grand Finals - SSBU"
"266","/watch?v=7vlBKJOLwwE","GRAND FINALS - SSBU - Zen's Hotdog Stand #107 - Skilly (Villager) vs SKITTLES!! (Young Link)"
"267","/watch?v=eRWiq1BXpsc","Rushdown 26 - TLOC | Awestin (Ness) vs VLR | Army (Olimar, Snake) Grand Finals - SSBU"
"268","/watch?v=LAONwsh75ls","Rushdown 25 - Karna (Joker, Sheik) vs waltz (Mega Man) Grand Finals - SSBU"
"269","/watch?v=Z3kKXyjJvvc","VS Weekly 6/20/19 - Grand Finals - Morpheus (Mega Man) vs eU | Samsora (Peach) - SSBU"
"270","/watch?v=4G9hXtdGfy0","Smashadelphia 2019 SSBU - The Great Gonzales (G&W, Palu) Vs  LingLing (Peach) Ultimate Grand Finals"
"271","/watch?v=bkRk3ty3cME","Ascension VI SSBU Top 64 Grand Finals - Ar|BestNess (Ness) vs Dem|Pandarian (Pokemon Trainer)"
"272","/watch?v=dBvG9md7GTg","Morpheus vs AzureJose - SSBU Grand Finals - Raiders Rumble June 9th"
"273","/watch?v=a7kK8yP3XXU","Smash Ultimate Tournament - Gen (Palutena) Vs. Wishes (Inkling, Joker) SSBU Xeno 166 Grand Finals"
"274","/watch?v=DgVJrqRJt4U","SSBU #28 - Promaelia vs. Xerom - Grand Finals - Smash Ultimate - 6/20/19"
"275","/watch?v=-5PUi78ZNvQ","SOS 139 SSBU Grand Finals Junior Z (Roy) vs Stroder (Joker/Pokemon/Falco/Snake/Mario/Luigi)"
"276","/watch?v=ELqIitc45Jo","USW 28 - WBG | MVD (Snake) vs TLOC | Awestin (Ness) Grand Finals - SSBU"
"277","/watch?v=D_60i_FD6RE","Super Smash Bros. Ultimate: ANEXT 2019 - Full Tournament! [TOP8 + FInals]"
"278","/watch?v=q_0iszSJbDk","GGB Fight Club <U+95D8><U+4F1A><U+6240> #2 Grand Finals - Brood (Piranha Plant) VS Jagaimo (Joker)"
"279","/watch?v=jjwp1Ee56dk","Spectrum #97 - Beast / Juice Vs. Aww8badges / Darkmatter - Grand Finals - SSBU"
"280","/watch?v=k9LwOrHB9zo","Spectrum #97 - SpS | Leon (Bowser) Vs. SH | Chrismus (Inkling) - Grand Finals - SSBU"
"281","/watch?v=Ov86a6_CrRE","PBLK Wood(G&W) vs Cadence(Pikachu)  Arcade Legacy #23 SSBU  Grand Finals"
"282","/watch?v=ODvMmZc649M","Smash at the Paramount SSBU - TL | Dabuz (Rosalina) Vs. Ally (Snake) Smash Ultimate Grand Finals"
"283","/watch?v=HdnTGZmlsyg","USW 27 - HyLeN + Awestin vs Lunchables + Xillion - Grand Finals SSBU"
"284","/watch?v=tIVW7fJUKKc","USW 27 - Lima (Bayonetta) vs WBG | MVD (Snake) Grand Finals - SSBU"
"285","/watch?v=KwiitSl-kJk","Spectrum #96 - Juice / Beast Vs. Darkmatter / Aww8badges - Grand Finals - SSBU"
"286","/watch?v=_Swo7ZZj1UQ","USW 26 - TLOC | Awestin (Ness) vs FRKS | Cheeks (Cloud) Grand Finals - SSBU"
"287","/watch?v=h8NLjtGaJs0","MasterHand 46 SSBU -Grand Finals- Tatsutsuyo(Mario) vs. <U+30CB><U+30AD>(Inkling)"
"288","/watch?v=9aBiK3dj0JI","The Mang0 3 - R2G | Kameme (Mega Man) VS Elegant (Luigi) - Smash Ultimate - Grand Final"
"289","/watch?v=64jAO6TNWDA","COST 2019 Ultimate Singles - Grand Finals: WBG | MVD [L] (Snake) vs DB | Yeti (Mega Man)"
"290","/watch?v=v3q3Z2Wr1gY","DDD 19 SSBU Grand Finals - JumboJack (Diddy Kong) vs Potter (Fox) Part 1"
"291","/watch?v=GZBnboQQGX4","OWG 6-9-19 Peabnut (Diddy Kong) VS. Mage (Falco) - SSBU Grand Finals"
"292","/watch?v=hpGMqM-7RFc","USW 25 - Awestin + Karna vs Ol'ThisGuy + Deluxemenu - Grand Finals SSBU"
"293","/watch?v=VMst6S-yqhE","USW 25 - Dojo (Inkling) vs TLOC | Awestin (Ness) Grand Finals - SSBU"
"294","/watch?v=YMO5qknwOhE","Crown 2019 SSBU - TUX | Stroder (Greninja, Wolf) Vs. A | Prodigy (Mario) Smash Ultimate Grand Finals"
"295","/watch?v=UjqbZ6BFC_s","Rushdown 22 - Grayson (ROB, DK) vs TLOC | Awestin (Ness) Grand Finals - SSBU"
"296","/watch?v=zG4clpR27Wo","SR4 SSBU - ChillyChilli (Pikachu) Vs. MopN (Joker) Grand Finals Smash Ultimate"
"297","/watch?v=sowwGKXCZw4","TSL 175 SSBU Grand Finals - Skarm (Mario/Ken) vs Bethel3D (Toonlink)"
"298","/watch?v=DV5UfsM637U","Smash Ultimate Tournament Grand Finals - Juice (Falco) vs Sauce (Mario) - CNB 191"
"299","/watch?v=gzEUT-UFXuA","BASH#3 SSBU - Oosoodom (Wario) VS Red-Sider (Marth) Grand Final"
"300","/watch?v=UGe3Dni6jqw","Smash Ultimate Tournament - Venia (Greninja) Vs. Mr E [L] (Lucina) SSBU Xeno 164 Grand Finals"
"301","/watch?v=5dhO7o8J6q4","Smash Ultimate Tournament - Dazai (Roy) Vs. ZD [L] (Wolf, Fox) S@X 305 SSBU Grand Finals"
"302","/watch?v=Z9cas1J_J4U","[Minoria Absoluta #3] Marc (Lucina) vs marcpq (Inkling) SSBU Grand Finals"
"303","/watch?v=3KxZ7vFc0jM","Rushdown 20 - SU | Hakii (Diddy, Incineroar) vs Slither2Hunter (Diddy) Grand Finals - SSBU"
"304","/watch?v=I2ANScRa9R8","Rushdown 21 - TLOC | Awestin (Ness) vs TLOC | Denti (Olimar) Grand Finals - SSBU"
"305","/watch?v=QMDHAZx92vw","SNS5 SSBU - FOX MVG | Mkleo (Joker) Vs. eUnited | Samsora (Palutena) Smash Ultimate Grand Finals"
"306","/watch?v=jV6o3g7tp5I","SNS5 SSBU - Nairo & Dark Wizzy Vs. Ally & BC | Mr. R - Smash Ultimate Doubles Grand Finals"
"307","/watch?v=8mlNrY8kV0A","Momocon 2019 SSBU - FOX | Mkleo vs TSM | Tweek Ultimate Grand Finals (Spanish)"
"308","/watch?v=nt6DOlxvj9U","Spectrum Smash #93 - Lemontea / Blue Vs. Aww8badges / Darkmatter - Grand Finals - SSBU"
"309","/watch?v=xHdtUFONbJk","Momocon 2019 SSBU -  FOX | Mkleo vs TSM | Tweek Ultimate Grand Finals"
"310","/watch?v=2dGm3GVLTTI","USW 24 - TLOC | Lunchables (Chrom) vs TLOC | Awestin (Ness) Grand Finals - SSBU"
"311","/watch?v=YdbP5Tyezuk","USW 23 - MVD + Awestin vs Deluxemenu + AvoiD - Grand Finals SSBU"
"312","/watch?v=dE-dv1x3C8U","USW 23 - WBG | MVD (Snake) vs TLOC | Awestin (Ness) Grand Finals - SSBU"
"313","/watch?v=0NvXNbrWurY","CB 2019 SSBU - dB | yeti (Mega Man) Vs. SV KJS | Maister (Game & Watch) Smash Ultimate Grand Finals"
"314","/watch?v=1sqIJm2JH2U","DOJO CIRCUIT #24 SSBU KURY VS CK GRAND FINAL"
"315","/watch?v=It-RgQpSUZM","Mega Drive 6 SSBU - Static[W] (Pikachu) vs Dowser[L] (Ridley) - Grand Finals"
"316","/watch?v=ZextMlsaVIk","NA | sinnyboo242 Inkling vs Parappa Ryu - Grand Finals - Invincible IV - SSBU Singles"
"317","/watch?v=9b5AJyH0H9M","CWQLD11: Shitashi vs Mr. L (Grand Finals)"
"318","/watch?v=8RGTqz5T40Q","Momocon 2019 SSBU - Echo Fox | MVG | MK Leo & PG | Marss vs. EU | Samsora & Ally Doubles Grands"
"319","/watch?v=d6mlR47X2gA","MSM 190 T1 | Larry Lurr ( Falco) vs Scarz | Xzax (Inkling) Grand Finals - Smash Ultimate"
"320","/watch?v=zkGdNU5mccM","DOJO CIRCUIT #23 SSBU DEAP92X VS TZ JACS GRAND FINAL"
"321","/watch?v=-uVUW49Ue5Q","Gamers Assembly 2019 - SSBU Solo - Grand Final - [Konix]Greil (L) vs [Solary]Glutonny"
"322","/watch?v=PBmZk_mFHJ0","Arctic Smash 2 SSBU - LazZzy (Young Link) Vs. Sprinkles (Roy) - Grand Finals"
"323","/watch?v=Sd8Kl4IwcHI","STWS #17 - GRAND FINAL - STIG (Wolf, Falco) Vs. LoveAndTolerance (Isabelle) - SSBU Tournament"
"324","/watch?v=4zWjxB5tVuI","GOML 2019 SSBU - TSM | Tweek (Roy) Vs. PG | Marss (ZSS) Smash Ultimate Tournament Grand Finals"
"325","/watch?v=94EHE8yy3Ek","Smash Ultimate Tournament - ZD (Wolf) Vs. Seagull Joe [L] (Pikachu) - The Grind 76 SSBU Grand Finals"
"326","/watch?v=tqLg4iLojNk","GOML 2019 SSBU - Nairo & Cosmos Vs. MkLeo & Serge - Smash Ultimate Tournament Grand Finals"
"327","/watch?v=iIlgFru4Ess","Mega Drive 5 SSBU - Static (Pikachu) vs Twelvegage (Ness) - Grand Finals"
"328","/watch?v=Sf-Ee-8CJfA","[Elite Gaming Center #04] Greward (Planta Piraña) vs Marc (Lucina) SSBU Grand Finals"
"329","/watch?v=xma-I6kny4w","GRAND FINALS - SSBU - Zen's Hotdog Stand #101 - Skittles (Toon Link) vs Kwaz (Ken, Simon)"
"330","/watch?v=OYTnq5fE9gE","Philly SSBU Arcadian: Spring 2019 - Ten (Greninja) vs RKO (Chrom) - Grand Finals"
"331","/watch?v=64Vlu8baHc4","SGL 2019 SSBU - TSM | Tweek (Wario) Vs. PG | Cosmos (Inkling) Smash Ultimate Tournament Grand Finals"
"332","/watch?v=QauyaYou3U4","SGL 2019 SSBU - Nakat & Cosmos Vs. Tweek & Marss - Smash Ultimate Tournament Grand Finals"
"333","/watch?v=bRMkm_lepLI","USW 22 - FRKS | Cheeks (Cloud) vs SU | Hakii (ZSS) Grand Finals - SSBU"
"334","/watch?v=pmv0znwdoLA","USW 21 - BTB | Orex (Peach) vs SU | Hakii (Link) Grand Finals - SSBU"
"335","/watch?v=cCBzYZAXm7Y","Smash Ultimate Tournament - Dill (ROB) Vs. Bankai (ZSS) SSBU Xeno 160 Grand Finals"
"336","/watch?v=Yf8aDk4hEoI","Smash Ultimate Tournament - Dexter [L] (Lucina) Vs. ZD (Wolf) - S@X 301 SSBU Grand Finals"
"337","/watch?v=QRLaTakdHtQ","Rushdown 19 - SU | Hakii (Link) vs TLOC | Awestin (Ness) Grand Finals - SSBU"
"338","/watch?v=yeT7uvyH0co","Thunder Smash SSBU - TL | Dabuz (Olimar) Vs WBG | MVD (Snake) Smash Ultimate Tournament Grand Finals"
"339","/watch?v=RyAHm3sZkQs","MasterHand 44 SSBU -Grand Finals- Tatsutsuyo(Mario) vs. Airi(Pichu)"
"340","/watch?v=XUoKcOpkGLc","Smash Ultimate Tournament - Dexter (Wolf) Vs. ZD [L] (Fox) - The Grind 74 SSBU Grand Finals"
"341","/watch?v=ktlCIfZ1J10","MSM 187 - Elegant (Luigi) Vs. POW | MastaMario (Mario) Grand Finals - Smash Ultimate"
"342","/watch?v=AZA6A44waQk","Umebura JM2019 SSBU - ProtoBanham (Lucina) Vs R2G | Kameme (Mega Man, Sheik, Wario) Grand Finals"
"343","/watch?v=zW6nh2CM-CQ","Fight ROM  SSBU - ShakaOmega (MewTwo) vs Xero (Cloud) - Grand Final"
"344","/watch?v=QdsyZptbi7U","Strike League Qualifier 2 - TLOC | Awestin (Ness) vs TLOC |Denti (Olimar) Grand Finals - SSBU"
"345","/watch?v=bVrrpsR3moA","CtP3 SSBU - WBG | MVD (Snake) Vs. CND | Raito (Duck Hunt) Smash Ultimate Tournament Grand Finals"
"346","/watch?v=ohixkAzACt0","Smash Ultimate Tournament - ZD (Fox, Wolf) Vs. Pathoran [L] (Snake) - The Grind 73 SSBU Grand Finals"
"347","/watch?v=GnuuO0v3QLs","USW 20 - eLH | Kosoku (Pichu) vs TLOC | Awestin (Ness) Grand Finals - SSBU"
"348","/watch?v=-TH1x_vxLlQ","USW 20 - HyLeN + YellowRello vs Dakpo + Awestin - Grand Finals SSBU"
"349","/watch?v=3vJMmKZ6g54","Spectrum Smash #89 - Shoyo James (Chrom) Vs. Leon (Bowser) - Grand Finals - SSBU"
"350","/watch?v=gcMpUKrUEJY","Spectrum Smash #88 - Leon (Bowser) Vs. SH | Darkmatter (Ness) - Grand Finals - SSBU"
"351","/watch?v=-iM2l5OiyRQ","WNF 1.10 - WaDi (Wii Fit Trainer) vs  Elegant (Luigi) Grand Finals - Smash Ultimate"
"352","/watch?v=xpDXpFXLmGY","Smash Ultimate Tournament - Seagull Joe (Palutena, Wolf) Vs. Dexter (Wolf) S@X 299 SSBU Grand Finals"
"353","/watch?v=EHMvuBiIv7Q","Smash Ultimate Tournament Grand Finals - Josh Cast (Joker) vs Moosh (Captain Falcon) - S@LT 185"
"354","/watch?v=qBmdrrtlw5s","SSBU Special - [L] Chase vs [W] Dean - Grand Finals - Super Smash Bros. Ultimate"
"355","/watch?v=qBCTTrmkFes","Pound 2019 SSBU -  Ally (Snake) VS Armada Myran (Olimar) Smash Ultimate Grand Finals"
"356","/watch?v=-wIbF4iO1Pk","Nimbus 41- Solary Glutonny (Wario) vs myR quiK (Samus) Grand Final - Smash Ultimate"
"357","/watch?v=L5fyHkSTy3c","Pound 2019 SSBU - PG Marss VS SSN Riddles - Squad Strike Grand Finals"
"358","/watch?v=0g7Dy7dmeb8","Pound 2019 SSBU Teams -  Nairo & Samsora VS  Marss & Light - Ultimate Grand Finals"
"359","/watch?v=iMYSRBiFwoQ","Suplex City - Shoyo James (Chrom) vs NRG Nairo (Palutena) Grand Final - Smash Ultimate"
"360","/watch?v=xylpPpqH8Tw","USW 19 - TLOC | Awestin (Ness) vs PG | ESAM (Joker, Yoshi, Pikachu) Grand Finals - SSBU"
"361","/watch?v=BdUojbxExc0","USW 18 - FRKS | Cheeks (Cloud) vs Denti (PT) Grand Finals - SSBU"
"362","/watch?v=aYAe1jOsgws","Smash Ultimate Joker Tournament Grand Finals - Chia (Joker) vs Spiro (Joker)"
"363","/watch?v=0IsDW9-ByGA","Seba (Roy) vs Mr. Newport (Little Mac) Grand Finals | SSBU Mini-Glitch Weekly @ GGC"
"364","/watch?v=zdRBgxbrWq4","Rushdown 18 - TLOC | Awestin (Ness) vs Dakpo (Diddy) Grand Finals - SSBU"
"365","/watch?v=Dh7FLZLKVYo","DOJO CIRCUIT #19   SSBU   R2 VS ZEB   GRAND FINAL"
"366","/watch?v=_AcO0dtIhQI","WNF 1.9 Mr E (Lucina) vs SweetT (Joker) - Grand Finals - Smash Ultimate"
"367","/watch?v=YC-yP2jLIQ0","SSBU-DIETDADDIES (FALCON ZELDA) SUBMISSIONSON22ND (DEDEDE GANONDORF) Grand Finals VSCommunity Week 3"
"368","/watch?v=cHsl2vfo3aA","[Codec Call] marcpq (Inkling) vs Greward (Olimar) SSBU Grand Finals"
"369","/watch?v=MeGUf8DIJqk","[Codec Call] Greward + Marc vs sisqui + Hikotsu SSBU Grand Finals"
"370","/watch?v=MvdA0x0uh84","Smash Ultimate Tournament - Gen (Palutena) Vs. Dill (ROB) SSBU Xeno 156 Grand Finals"
"371","/watch?v=8iqI4jDPaNU","SSBU CSWK3 | C (Simon & Pit ) vs JuN (Link) | Grand Finals"
"372","/watch?v=Q0hjI8mMhVA","Rushdown 17 - Denti (PT) vs TLOC | Awestin (Ness) Grand Finals - SSBU"
"373","/watch?v=PFTER3Bx7KE","SSBU - PSINEWAVE (NESS) INKOGNITO (ROY/Wolf) #VScommunity Week 2 Grand Finals"
"374","/watch?v=7LKOrNTFf8o","Mr E vs Nairo<U+3010>Grand Finals<U+3011>Fandom Legends Online Tournament SSBU"
"375","/watch?v=hMJm5eWE5fo","[NA19.1] SSBU Solo Grand Final - Oplon | Jeda VS Le Stream Esport | Flow"
"376","/watch?v=edFpRRsnOEw","SSBU Stone Ocean Major - Pelox vs GARU (Grand finals 1)"
"377","/watch?v=AM-J1hPlocc","QT (Snake) vs Mr.Newport (Marth) Grand Finals | Mini-Glitch Tuesdays SSBU @ GGC 04-2-2019"
"378","/watch?v=SFKMaLc4mJA","SSBU - BBB2019 - Liquid Dabuz vs H03K Gen Grand Finals"
"379","/watch?v=g9q05B2FspE","SSBU - BBB2019 - Off the Dome vs Team Plantanos Grand Finals"
"380","/watch?v=MxTaoHxyTGM","USW 17 - TLOC | Awestin (Ness) vs SU | Hakii (Link) Grand Finals - SSBU"
"381","/watch?v=bNFSd3kzxXw","USW 17 - Awestin + Gyo vs Denti + Cheeks - Grand Finals SSBU"
"382","/watch?v=VudgwuqHvGY","Smash Ultimate Tournament - Jul (Robin) Vs. Mr E [L] (Lucina) SSBU Xeno 155 Grand Finals"
"383","/watch?v=0skI7qX2Xyw","Smash Ultimate Tournament - Seagull Joe (Young Link) Vs. Pathoran (Snake) S@X 296 SSBU Grand Finals"
"384","/watch?v=wybsZaAHbWo","SBW 7 - TLOC | Awestin (Ness) vs WBG | MVD (Snake) Grand Finals - SSBU"
"385","/watch?v=geAs9Kamhss","Smash Ultimate Tournament - Ally (Mario) Vs. Esam (Pikachu) BoBC3 SSBU Grand Finals"
"386","/watch?v=-GxOYpswr8E","Smash Ultimate Tournament - Venia (Greninja) Vs. NickC (Captain Falcon) SSBU Xeno 154 Grand Finals"
"387","/watch?v=3LxoZv8X_D8","USW 16 - BtB | Orex (Peach) vs Denti (PT) Grand Finals - SSBU"
"388","/watch?v=Xy73W1nyNrw","DOJO CIRCUIT #16 - SSBU - TZ | TSUNA VS ALYAR - GRAND FINAL"
"389","/watch?v=GRkp54uNmTY","USW 15 - TLOC | Awestin (Ness) vs FRKS | Cheeks (Cloud) Grand Finals - SSBU"
"390","/watch?v=S0lvTpTXkso","USW 15 - JaySon + Awestin vs Dakpo + Denti - Grand Finals SSBU"
"391","/watch?v=fIgAZMrxiRo","Switch Versus @ The Lab #16 | Deli vs Moosh_Da_Moosh - Grand Final - SSBU"
"392","/watch?v=EA58Y7aOWVs","SSBU #15 AF | Iota (Ridley) VS AG | WaDi (ROB) Grand Finals"
"393","/watch?v=Rf0gxPXhycU","Japan Smash Ultimate Tournament - Eim (Wolf) Vs. Shuton (Olimar) WSP29 SSBU Grand Finals"
"394","/watch?v=m1H4zKujuV8","GAS9 Grand Final - Mege VS Ryng Tolu [SSBU]"
"395","/watch?v=8A4asZHhZZM","Rushdown 14 - TLOC | Awestin (Ness) vs Denti (PT) Grand Finals - SSBU"
"396","/watch?v=DcG05fSOmt8","Smash Ultimate Tournament - Pathoran [L] (Snake) Vs. ZD (Fox) - The Grind 68 SSBU Grand Finals"
"397","/watch?v=eyQHTsiotpQ","Phantom - SRG | DefectiveDagger vs. Luco  - SSBU - Grand Finals"
"398","/watch?v=gFjYCebXQe8","Collision 2019 Grand Finals - Nairo (Palutena/Ganondorf) vs Marss (Zero Suit Samus) - Smash Ultimate"
"399","/watch?v=a5zQhWmlXT4","USW 14 - TTN | Trela (Ridley) vs TLOC | Awestin (Ness) Grand Finals - SSBU"
"400","/watch?v=17VtP0Jp_I8","Rushdown 13 - TLOC | Awestin (Ness) vs Army (Olimar) Grand Finals - SSBU"
"401","/watch?v=OFeUJ-NNFas","WNF 1.4 - Nicko (Shulk) vs Elegant (Luigi) Grand Finals - Smash Ultimate"
"402","/watch?v=nidutrLXmsY","DOJO CIRCUIT #14 - SSBU - TZ TSUNA VS MUSTANG - GRAND FINAL"
"403","/watch?v=wmw6YzAvUjE","GAS8 Grand Final - Mege (Ike) VS Ryng Tolu (Bowser, Cloud) [SSBU]"
"404","/watch?v=ujGXEEbQs-8","Smash Ultimate Tournament - [L] MuteAce (Peach) Vs. Salem (Snake) Ultimate Gamer SSBU Grand Finals"
"405","/watch?v=VUwe6utXGrA","USW 13 - HNTI | Magister (Incineroar) vs TLOC | Awestin (Ness) Grand Finals - SSBU"
"406","/watch?v=GLpv8e7gylc","USW 13 - Awestin + JaySon vs Dakpo + Deluxemenu - Grand Finals SSBU"
"407","/watch?v=xX1IAx__YXU","Rushdown 12 - Dakpo (Pichu) vs TLOC | Awestin (Ness) Grand Finals - SSBU"
"408","/watch?v=sUHrAIWm4ZY","HAT 56 - K9sbruce (Wolf) Vs. Nicko (Shulk) Grand Finals - Smash Ultimate"
"409","/watch?v=M3WFEGpFFno","USW 12 - TLOC | Awestin (Ness) vs Lima (Bayonetta) Grand Finals - SSBU"
"410","/watch?v=8MHivGe2n9E","HEX Anniversary Edition - Maister Vs.  Javi SSBU - Grand Finals"
"411","/watch?v=-CawvCQ_2Ig","[Jurassic SeriesIII] SheikThat(Sheik&Lucina) vs Enmasgel(Link niño)-SSBU Grand Final"
"412","/watch?v=0FOLisaUER0","Smash Ultimate Tournament - WaDi (Rob) Vs. Mj [L] (Rob) - S@X 291 SSBU Grand Finals"
"413","/watch?v=3aZ9D2q7C9w","Smash Ultimate Tournament Grand Finals - Vex Kasrani (King K Rool) vs Moosh (Richter) - S@LT 177"
"414","/watch?v=K4MqRRcsuAE","Throwdown LX #54 - Cyrus (Greninja) vs Zekip (Shulk) - SSBU Grand Finals"
"415","/watch?v=Lvwsd31cTKo","Smash Crusades: Red as Dawn - SSBU - Grand Final - Xeon / Eking Vs. Zoombit / Knight"
"416","/watch?v=pzrVVA0aVfw","TSM | Tweek (Wario) vs. FOX MVG | MkLeo (Lucina) - Grand Finals - Frostbite 2019"
"417","/watch?v=Dtg-Gge0Mu4","[Bastinazo Express] WolfFang (Wolf) vs Kaji (Lucas, Donkey Kong) SSBU Grand Finals"
"418","/watch?v=IaPFPr3eOMs","USW 11 - Awestin + Gyo vs ESAM + MVD - Grand Finals SSBU"
"419","/watch?v=lt1y_sqTXfs","Rushdown 10 - LightningCam (Diddy) vs CalmAnimal (Bowser) Grand Finals - SSBU"
"420","/watch?v=p3ezfVcjU4g","USW 11 - TLOC | Awestin (Ness) vs PG | ESAM (Pikachu) Grand Finals - SSBU"
"421","/watch?v=UJneCiVvYx4","USW 10 - Lima (Bayonetta) vs TLOC | Awestin (Ness) Grand Finals - SSBU"
"422","/watch?v=QA8pofVYPNk","USW 9 - EMG | tamim (Bayonetta) vs TLOC | Awestin (Ness) Grand Finals - SSBU"
"423","/watch?v=nOcNFq6aSrk","USW 9 - Dakpo + UTDZac vs Awestin + JaySon - Grand Finals SSBU"
"424","/watch?v=4d0Qdg0nsiw","XDL 2 - TLOC | Awestin (Ness) vs WBG | MVD (Snake) Grand Finals - SSBU"
"425","/watch?v=9xNJLN4o3vI","XDL 2 - Army + Kurry vs Awestin + JaySon - Grand Finals SSBU"
"426","/watch?v=a46AHGDSch4","Smash Ultimate Tournament Grand Finals - 6WX (Incineroar) vs The Great Gonzales (Palutena) - CNB 175"
"427","/watch?v=cb3NGaxNbsM","SSBU Collegiate Crews Michigan Qualifier: MSU Green Vs. GVSU Grand Finals Set 2"
"428","/watch?v=u-DLDqmkk0Y","SSBU Collegiate Crews Michigan Qualifier: MSU Green Vs. GVSU | Grand Finals Set 1"
"429","/watch?v=klzNkvkkwWg","NFA 3 - Awestin (Ness) vs SDX (Mewtwo) Grand Finals - SSBU"
"430","/watch?v=-aqUoeOOF8M","NFA 3 - Awestin + JaySon vs SDX + Elegant - Grand Finals SSBU"
"431","/watch?v=11aSm7CHXMY","Throwdown LX #53 - Storm (Lucina) vs BigLord (Mii Gunner) - SSBU Grand Finals"
"432","/watch?v=QjaXbYbANLM","Rushdown 8 - Army (Olimar) vs Denti (PT) Grand Finals - SSBU"
"433","/watch?v=eH89gE58auE","SU #2 - Jenzo (Captain Falcon) vs. sHusky (Isabelle) - SSBU Grand Finals Singles"
"434","/watch?v=TUOcoUqcnvo","Becky Lemme Smash - AR BestNess (Ness) VS. RVVL Yep (Lucas) - SSBU Grand Finals - Smash Ultimate"
"435","/watch?v=UT1agVbhWOY","USW 8 - TLOC | Awestin (Ness) vs TLOC | Dakpo (Diddy) Grand Finals - SSBU"
"436","/watch?v=npG9TtDc440","Genesis 6 SSBU - CLG | VoiD (Pichu) Vs. FOX MVG | MKleo (Lucina) Smash Ultimate Tournament GF"
"437","/watch?v=U9wANdXlRZ4","Smash Ultimate Tournament Grand Finals - Juice (Zero Suit Samus) vs LeoN (Bowser) - CNB 173"
"438","/watch?v=7-VYG_nkIow","SL Ultimate #8 - Venom (Ridley) vs Smokk (Ganon) - Grand Finals"
"439","/watch?v=za_p_jo_zoQ","Smash Ultimate Tournament - WaDi (Rob)  Vs. ZD [L] (Falco) - S@X 287 SSBU Grand Finals"
"440","/watch?v=KD_vU-jIOHI","IBBC Saga - SSBU Grand Finals - ET Eking (Pac-man) vs. ET Xeon (Yoshi/Palutena)"
"441","/watch?v=urz-akqY_pw","+2 on Block Anniversary - SSBU Doubles - Grand Finals - SaltOne / HyperKirby vs. Sonido / NovaPixl"
"442","/watch?v=3Af-fsmiuLo","Metroid Community Discord SSBU Grand Final: TDV vs Doeboy"
"443","/watch?v=nxKDmGSZYi4","Rushdown 6 - FX | Awestin (Ness) vs Karna (Wolf) Grand Finals - SSBU"
"444","/watch?v=rInelWY6RUw","+2 on Block Anniversary - SSBU 1v1 - Grand Finals - HyperKirby vs MVG Scatt"
"445","/watch?v=pKR3uYYK7QU","+2 on Block Anniversary - SSBU 3v3 Squad Strike - Grand Finals - HyperKirby vs MVG Scatt"
"446","/watch?v=d_fRVWBpS9o","GSE #76 - Osprey [L] (Falco) vs NOBLE Sol (Little Mac) - Grand Finals"
"447","/watch?v=iUg7kJ261p0","SL Ultimate #7 - Smokk (Ganon, Snake, Wario, Wolf) vs Dunston (Pikachu) - Grand Finals"
"448","/watch?v=oJFt3N6dv-k","USW 7 - FRKS | Cheeks (Cloud) vs TLOC | Awestin (Ness) Grand Finals - SSBU"
"449","/watch?v=x759TlXHNRU","Smash Ultimate Tournament - DA | Sinji (Pac-Man) Vs DA | Venia (Greninja) Xeno 145 SSBU Grand Finals"
"450","/watch?v=LSMJJyNaTOY","Glitch 6 SSBU - FOX MVG | MKLeo VS PG | ESAM - Smash Ultimate Squad Strike Grand Finals"
"451","/watch?v=2RG8GHisvCQ","Glitch 6 SSBU - Ally & MKLeo VS Tweek & Cosmos - Smash Ultimate Teams Grand Finals"
"452","/watch?v=U3RDaxjIb8c","ZD vs WaDi Grand Finals- The Cave SSBU #2"
"453","/watch?v=TPcatcsUJTg","Glitch 6 SSBU - Tweek (Wario) VS NRG | Nairo (Lucina) Smash Ultimate Grand Finals"
"454","/watch?v=SuQHclQG6ME","Smash Ultimate Tournament - MVD (Snake) Vs. PG | ESAM (Samus) SSBU The Grind 60 Grand Finals"
"455","/watch?v=f11_adgWj8c","USW 6 - Lima (Lucina, Peach) vs TLOC | Awestin (Ness) Grand Finals - SSBU"
"456","/watch?v=RcdPFcrxO9g","Rushdown 5 - FRKS | Cheeks (Cloud) vs GBSG | Army (Olimar) Grand Finals - SSBU"
"457","/watch?v=lnsvP-ylgtY","Rushdown 4 - FX | Sethlon (Roy) vs GBSG | Army (Olimar) Grand Finals - SSBU"
"458","/watch?v=exYXeBbFMlM","HAT 49 - Larry Lurr (Wolf) Vs. eM | Zenyou (Mario) Grand Finals - Smash Ultimate Tournament"
"459","/watch?v=rhjvod6QpCs","Smash Ultimate Tournament - DA | Sinji (Pac-Man) Vs Ho3K | Gen (Palutena) SSBU Xeno 144 Grand Finals"
"460","/watch?v=UXWsLKeNkuA","Smash Ultimate Tournament - Parappa (Ryu) Vs. ZD (Falco, Incineroar, Fox) S@X 285 SSBU Grand Finals"
"461","/watch?v=cC984oO80Qg","TGC Returns - Trela vs. Meme - Grand Finals"
"462","/watch?v=6IRcnnHF030","Smash Ultimate Tournament - Dren (Yoshi) Vs. Falln (Robin) Poi Poundaz 2 SSBU Grand Finals"
"463","/watch?v=XrnT7ja7nzQ","SSBU CPU Tournament: Original Eight | Grand Finals | Kirby vs. Link"
"464","/watch?v=caebMQUzjMc","SL Ultimate #5 - Ally (Snake) vs Venom (Ridley, Ryu) - Grand Finals"
"465","/watch?v=M1Be74ZVV5Y","USW 5 - Awestin (Ness) vs BestNess (Ness) Grand Finals - SSBU"
"466","/watch?v=aW6rI81bAL0","FOX MVG | MkLeo (Ike) vs eU | Samsora (Peach) - Ultimate Grand Finals - SC United"
"467","/watch?v=kPvwwxNvxnc","Smash Ultimate Tournament - CLG | VoiD (Pichu) Vs. Eon (Pichu) Grand Finals - SoCal Chronicles"
"468","/watch?v=WH92I8-XWaY","Smash Ultimate Tournament Grand Finals - Sonido (Sonic) Vs TheReflexWonder [L] (Wario) KiT 2019 SSBU"
"469","/watch?v=XgbMerU3zZg","SL Ultimate #4 - Venom (Ken) vs Ally (Snake) - Grand Finals"
"470","/watch?v=Kp5K7LDouRc","SuperDanimalTV 2019 SSBU Tournament Grand Finals: Shiny (Pokemon Trainer) v Malikai (Pac-Man)"
"471","/watch?v=jfUDvtTfNbQ","USW 4 - FX | Awestin (Ness) vs PG | MVD (Snake) Grand Finals - SSBU"
"472","/watch?v=ZefLQnQY0IY","Rushdown 3 - GBSG | Army (Olimar) vs CalmAnimal (Bowser) Grand Finals - SSBU"
"473","/watch?v=NFhuhh83z00","Ultimatum - Awestin + JaySon vs YellowRello + Dojo - Grand Finals SSBU"
"474","/watch?v=KV1rg94euzc","Ultimatum Squad Strike - JaySon vs Orex Grand Finals - SSBU"
"475","/watch?v=QXjOkAZCyPY","[Minoria Absoluta #2] Hikotsu (Daisy) vs marcpq (Inkling, ZSS) SSBU Grand Finals"
"476","/watch?v=M-jvcA1f8yk","Ultimatum - JaySon (Fox) vs Orex (Peach) Grand Finals - SSBU"
"477","/watch?v=3sv6Fof8iyI","Glutonny (Wario) vs NAKAT (Pichu) Grand Finals - Ultimate Wanted France Smash Tournament"
"478","/watch?v=l839rZqbPVY","Japan Smash Ultimate Tournament - Zackray (Meta Knight) Vs. Eim [L] (Sheik) SSBU Grand Finals"
"479","/watch?v=ctTzwDuop0A","[Movistar Centre Smash] Greward + Marcbri vs marcpq + MTsergi SSBU Grand Finals"
"480","/watch?v=NieFUj9faMs","USW 3 - FX | Awestin (Ness) vs Lima (Bayonetta) Grand Finals - SSBU"
"481","/watch?v=Lh-d02ymWvw","SL Ultimate #3 - Ally (Snake) vs Darkwolf (Shulk, Cloud) - Grand Finals"
"482","/watch?v=EnX0MvYTptg","[Afterlife #38] Marcbri (Cloud) vs Vilxs (Mii Gunner, Daisy, Lucina) SSBU Grand Finals"
"483","/watch?v=Wl5SS2l9shA","Smash Ultimate Tournament Grand Finals - Fable (Donkey Kong) vs Dimension (Chrom) - S@LT 168"
"484","/watch?v=Ob0_aJLH7b4","Smash Ultimate Tournament - CLG | Void (Pichu) Vs Larry Lurr [L](Falco) Splat Bros SSBU Grand Finals"
"485","/watch?v=LmnCG5BSQdA","Smash Ultimate Tournament - Ally & Void Vs. Teb & Klaatu [L] - Splat Bros. SSBU Grand Finals"
"486","/watch?v=ckmlnP5txbc","NEC19 - Pelca (S. Snake) Vs. TheGreatGonzales (Simon) Grand Final SSBU"
"487","/watch?v=-oPkQfLPAm8","USW 2 - Trela (Ridley) vs FX | Awestin (Ness) Grand Finals - SSBU"
"488","/watch?v=AJL344vzSSs","Smash Ultimate Tournament Grand Finals - Pasta (Peach) vs Juice (Zero Suit Samus) - CN:B-Airs 167"
"489","/watch?v=h9a5gULpvec","Smash Ultimate Tournament Grand Finals - Varun (Wii Fit Trainer) vs Moosh (Simon) - S@LT 167"
"490","/watch?v=xN5o1WcsxHA","Spectrum Smash #73 - Wishes (Inkling) Vs. Lemontea (Wolf) - Grand Finals - SSBU"
"491","/watch?v=cC9cF5DbC5o","SSBU - TNS 12/15/2018 - Dyr vs. Myran Grand Finals"
"492","/watch?v=xZ6wM6LF6Rk","Smash Ultimate Tournament - PG | Esam [L] (Pikachu) Vs. PG | MVD (Snake) DPOTG18 SSBU Grand Finals"
"493","/watch?v=hud0ddY1yHY","Waveshine Ult - CNN | Bakuryu (Ken) vs Flagtail (Wolf) - Grand Finals (R) - SSBU"
"494","/watch?v=bwVhIgyNHCA","[Grand Open Online] Robo~Luigi (ROB) vs Marcbri (Wolf, Cloud) SSBU Grand Finals"
"495","/watch?v=rZErKVTXFQ8","Japan Smash Ultimate Tournament - Ken [L] (Sonic) Vs. Zackray (Wolf) SSBU Grand Finals"
"496","/watch?v=V4Db4PHhfG4","Smash Ultimate Tournament Grand Finals - Shoyo James (Chrom) vs GwJ (Lucina / ROB) - CN:B-Airs 166"
"497","/watch?v=KT6XfeZGcOU","USW 1 - Awestin + JaySon vs Karna + Dakpo - Grand Finals SSBU"
"498","/watch?v=KDsfp33H1Ko","USW 1 - FX | Awestin (Ness) vs FRKS | Cheeks (Cloud) Grand Finals - SSBU"
"499","/watch?v=nxHNFXx-waE","SL Ultimate #1 - Smokk (Ganon) vs Ally (Snake) - Grand Finals"
"500","/watch?v=HM_v9KjDkz4","Smash Ultimate Tournament - Demise | ZD [L] (Fox) Vs. Dexter (Wolf) - S@X 280 SSBU Grand Finals"
"501","/watch?v=kyjB78fKkvA","XDL 1 - Awestin (Ness) vs Denti (PT) Grand Finals - SSBU"
"502","/watch?v=eHmMjgsDjC4","FXL  - FX | Karna (Chrom, Inkling) vs FX | Sethlon (Roy) Grand Finals - SSBU"
"503","/watch?v=2srdnYyu4GQ","Smash Ultimate Tournament Grand Finals - Pasta (Peach/Inkling) vs Great Gonzales (Richter) - SDA Ult"
"504","/watch?v=Cg9__CRm5x8","[Elite Gaming Center #01] Greward (Ridley) vs Hikotsu (Daisy) SSBU Grand Finals"
"505","/watch?v=-ucse1_OJiI","Launch Smash Ultimate - WaDi (R.O.B., K. Rool) VS Demise | ZD (Incineroar, Fox) SSBU Grand Finals"
"506","/watch?v=V3wRGP-q_4g","SSBU CSWK1 | JuN (Link) vs KEVO (Marth) | Grand Finals"
"507","/watch?v=syc_WIX3Ucs","Smash Ultimate Tournament Grand Finals - Wishes (Inkling) vs Jakal (Pokemon Trainer) - CN:B-Airs 165"
"508","/watch?v=FiK0H-kD3pI","The Grand Finale - Smash Ultimate OST"
"509","/watch?v=IRuYzwO6OH4","SSBU: Youth Tournament Lucas Vs Ganondorf (Grand Finals)"
"510","/watch?v=nyi30NCsNZs","Grand Finals ~ MARIO (ZeRo) Vs  SONIC (Mk leo) | Smash Bros. Ultimate Tournament"
"511","/watch?v=q4cEIdmBrdc","E3 2018 - SSBU Demo - GimR (Ridley) Vs. Kiraflax (Ridley) Smash Bros Ultimate For Glory Grand Finals"
"512","/watch?v=fZ3c3JCNzIQ","ZeRo vs MkLeo Grand Finals - Super Smash Bros. Ultimate Invitational at E3 2018"
"513","/watch?v=-AE-8CpbVrk","SSBU invitational: Grand final ZeRo vs MkLeo"
"514","/watch?v=vjEaJLqnKNE","SOT SSBU Monthly - V115 (Zerosuit) vs Yoh (Sheik) - Grand Finals"
